Date,Symbol,Open,High,Low,Close,Volume LTC,Volume USD
2019-03-16,LTCUSD,58.18,62,58.17,60.45,33956.38,2069794.4
2019-03-15,LTCUSD,55.59,58.63,55.59,58.18,12530.16,717582.33
2019-03-14,LTCUSD,55.17,57.82,52.85,55.59,14340.73,792614.73
2019-03-13,LTCUSD,56.21,56.42,54.07,55.17,10756.46,594050.83
2019-03-12,LTCUSD,54.6,56.62,52.07,56.21,17854.03,973807.88
2019-03-11,LTCUSD,56.34,57.04,53.64,54.6,16974.06,935533.34
2019-03-10,LTCUSD,57.48,57.65,55.57,56.34,10627.27,601071.65
2019-03-09,LTCUSD,55.29,59,55.19,57.48,24269.03,1389110.17
2019-03-08,LTCUSD,56.4,57.29,54.09,55.29,23612.44,1317780.15
2019-03-07,LTCUSD,55.16,58.71,53.8,56.4,35494.88,1994471.39
2019-03-06,LTCUSD,52.42,56.39,51.17,55.16,23779.86,1285859.59
2019-03-05,LTCUSD,45.62,54.23,45.21,52.42,38851.43,1983756.57
2019-03-04,LTCUSD,47.58,47.86,44.65,45.62,18994.37,870146.32
2019-03-03,LTCUSD,48.28,48.73,46.88,47.58,8908.71,428586.26
2019-03-02,LTCUSD,46.83,49.1,46.25,48.28,8233.5,391880.81
2019-03-01,LTCUSD,45.35,48.86,45.29,46.83,19130.85,908720.59
2019-02-28,LTCUSD,44.94,46.44,44.44,45.35,14129.21,644915.84
2019-02-27,LTCUSD,44.72,45.34,42.33,44.94,17387.48,767792.15
2019-02-26,LTCUSD,45.31,45.73,44.07,44.72,16416.29,734495.67
2019-02-25,LTCUSD,43.54,46.74,43.48,45.31,32527.96,1475454.43
2019-02-24,LTCUSD,51.24,53.41,42.44,43.54,90629.11,4215889.81
2019-02-23,LTCUSD,49.01,51.83,47.8,51.24,37443.66,1869983.06
2019-02-22,LTCUSD,48.43,49.4,47.7,49.01,24300.65,1186095.12
2019-02-21,LTCUSD,51.13,51.16,47.45,48.43,28201.07,1385134.39
2019-02-20,LTCUSD,46.9,52.25,46.1,51.13,50721.34,2516958.7
2019-02-19,LTCUSD,47.4,48.89,46.44,46.9,23510.67,1117041.42
2019-02-18,LTCUSD,43.35,48.71,43.2,47.4,53129.13,2430834.45
2019-02-17,LTCUSD,42.96,45,42.01,43.35,21029.9,907680.56
2019-02-16,LTCUSD,42.12,44.04,41.75,42.96,22978.14,992320.65
2019-02-15,LTCUSD,40.96,44.37,40.72,42.12,24088.88,1010253.67
2019-02-14,LTCUSD,41.27,42,39.9,40.96,16086.57,661816.6
2019-02-13,LTCUSD,43.25,44.13,40.26,41.27,25775.62,1080139.54
2019-02-12,LTCUSD,42.37,44.05,41.52,43.25,19641.54,846772.56
2019-02-11,LTCUSD,46.43,46.51,37.5,42.37,47818.31,2080478.41
2019-02-10,LTCUSD,44.3,46.99,41.83,46.43,51366.1,2291005.02
2019-02-09,LTCUSD,42.52,46.09,41.81,44.3,55244.59,2410566.32
2019-02-08,LTCUSD,32.83,44.57,32.52,42.52,117159.85,4622858.29
2019-02-07,LTCUSD,32.42,33.16,32.39,32.83,7926.8,259907.57
2019-02-06,LTCUSD,33.94,34.14,30.58,32.42,33812.83,1090059.26
2019-02-05,LTCUSD,33.61,34.06,33.26,33.94,14454.55,488580.3
2019-02-04,LTCUSD,33.07,34.2,33.07,33.61,12381.59,417203.82
2019-02-03,LTCUSD,34.17,34.54,32.61,33.07,15921.59,534467.22
2019-02-02,LTCUSD,32.43,34.61,32.2,34.17,16893.47,560646.42
2019-02-01,LTCUSD,31.18,33.24,30.5,32.43,32110.3,1023849.85
2019-01-31,LTCUSD,31.54,32.21,30.9,31.18,13511.7,427197.01
2019-01-30,LTCUSD,30.67,31.75,30.4,31.54,9018.61,281616.47
2019-01-29,LTCUSD,30.88,31.16,29.92,30.67,11632.97,356464.35
2019-01-28,LTCUSD,32.01,32.2,29.89,30.88,11584.09,358603.82
2019-01-27,LTCUSD,32.7,32.96,31.21,32.01,8779.08,283628.6
2019-01-26,LTCUSD,32.7,33.93,32.56,32.7,12717.66,420793.1
2019-01-25,LTCUSD,32.43,32.96,31.88,32.7,18021.77,581857.75
2019-01-24,LTCUSD,31.66,33.06,31.04,32.43,12865.18,415810.42
2019-01-23,LTCUSD,31.5,32.21,31.26,31.66,10610.71,336361.46
2019-01-22,LTCUSD,30.91,32.49,29.39,31.5,25000.09,778450.95
2019-01-21,LTCUSD,30.57,31.24,30.47,30.91,7134.0,219486.14
2019-01-20,LTCUSD,32.2,33.03,30.31,30.57,15150.4,473633.66
2019-01-19,LTCUSD,30.85,33.12,30.85,32.2,14478.66,465581.81
2019-01-18,LTCUSD,31.64,31.69,30.57,30.85,12790.77,397870.96
2019-01-17,LTCUSD,31.37,31.68,29.91,31.64,16050.92,495607.45
2019-01-16,LTCUSD,31.05,32.17,30.78,31.37,10028.71,313191.41
2019-01-15,LTCUSD,32,32.45,30.35,31.05,18311.0,579215.58
2019-01-14,LTCUSD,29.81,32.82,29.77,32,13734.35,433538.05
2019-01-13,LTCUSD,32.01,32.83,29.61,29.81,19726.14,613187.27
2019-01-12,LTCUSD,31.7,32.35,31.5,32.01,11016.58,352015.2
2019-01-11,LTCUSD,33.37,33.64,31.01,31.7,32161.17,1042048.05
2019-01-10,LTCUSD,38.5,39.18,32,33.37,63060.25,2201151.83
2019-01-09,LTCUSD,39.12,39.97,38.41,38.5,14788.54,579159.66
2019-01-08,LTCUSD,37.61,41.19,37.52,39.12,46658.17,1850985.29
2019-01-07,LTCUSD,38.88,39.47,37.21,37.61,20233.81,771740.71
2019-01-06,LTCUSD,34.51,40.09,34.15,38.88,43965.12,1648375.34
2019-01-05,LTCUSD,32.11,36.11,32.06,34.51,31399.39,1081381.15
2019-01-04,LTCUSD,31.56,32.67,31.01,32.11,11650.74,371390.36
2019-01-03,LTCUSD,32.97,33.09,30.99,31.56,8158.3,260767.44
2019-01-02,LTCUSD,31.7,33.55,31.4,32.97,16409.6,529660.32
2019-01-01,LTCUSD,29.77,32.04,29.53,31.7,14137.37,433608.33
2018-12-31,LTCUSD,31.58,31.69,29.43,29.77,17166.98,522147.35
2018-12-30,LTCUSD,30.44,31.94,30.03,31.58,13804.83,431049.18
2018-12-29,LTCUSD,32.14,33.17,30.2,30.44,18009.79,574967.99
2018-12-28,LTCUSD,27.75,33.55,27.75,32.14,37454.57,1155087.08
2018-12-27,LTCUSD,30.54,31.07,27.47,27.75,30412.28,879570.59
2018-12-26,LTCUSD,30.71,31.88,28.92,30.54,30042.49,908122.19
2018-12-25,LTCUSD,32.97,33.02,29.74,30.71,36112.02,1108021.75
2018-12-24,LTCUSD,33.08,36.61,32.52,32.97,60842.92,2123350.31
2018-12-23,LTCUSD,31.65,33.84,31.45,33.08,26796.02,878636.8
2018-12-22,LTCUSD,30.28,31.65,29.78,31.65,21512.33,658068.42
2018-12-21,LTCUSD,32.45,33.04,29.57,30.28,30673.0,953767.37
2018-12-20,LTCUSD,29.02,33.1,28.7,32.45,40684.95,1277409.89
2018-12-19,LTCUSD,30,31.56,28.6,29.02,40912.69,1236672.18
2018-12-18,LTCUSD,28.87,30.21,27.65,30,17880.22,517433.71
2018-12-17,LTCUSD,25.2,30.32,25.18,28.87,50574.71,1433356.03
2018-12-16,LTCUSD,23.34,26.59,23.34,25.2,29791.68,765275.71
2018-12-15,LTCUSD,23.13,23.78,22.87,23.34,15955.77,371386.93
2018-12-14,LTCUSD,22.82,23.47,22.26,23.13,32420.94,741495.63
2018-12-13,LTCUSD,24.01,24.15,22.68,22.82,16342.78,382212.17
2018-12-12,LTCUSD,23.17,24.93,23.02,24.01,25167.11,609624.33
2018-12-11,LTCUSD,23.98,24.37,22.74,23.33,23054.57,540695.87
2018-12-10,LTCUSD,25.29,25.63,23.47,23.98,26343.78,641221.71
2018-12-09,LTCUSD,24.2,26.58,24.13,25.29,33204.49,832286.38
2018-12-08,LTCUSD,24.79,26.42,22.87,24.2,34675.38,846069.41
2018-12-07,LTCUSD,26.2,26.31,22.25,24.79,50108.6,1231535.49
2018-12-06,LTCUSD,28.7,30.14,25.8,26.2,25900.06,723623.46
2018-12-05,LTCUSD,30.69,30.98,28.64,28.7,13254.84,393930.94
2018-12-04,LTCUSD,30.48,31.88,29.5,30.69,13597.95,419450.0
2018-12-03,LTCUSD,33.32,33.44,29.55,30.48,26255.29,820205.75
2018-12-02,LTCUSD,33.77,34.67,32.74,33.32,14140.53,475173.91
2018-12-01,LTCUSD,31.65,37,30.96,33.77,19480.2,645930.72
2018-11-30,LTCUSD,33.48,34.11,30.72,31.6,23270.73,753509.02
2018-11-29,LTCUSD,34.36,35.42,32.79,33.48,22066.32,747378.2
2018-11-28,LTCUSD,30.8,35.93,30.7,34.36,30034.31,1010113.24
2018-11-27,LTCUSD,29.05,31.6,28.22,30.8,23412.87,693686.41
2018-11-26,LTCUSD,30.39,31.73,27.55,29.05,39480.09,1174576.76
2018-11-25,LTCUSD,28.59,32.21,26.33,30.39,52958.52,1515088.06
2018-11-24,LTCUSD,31.77,32.9,27.88,28.59,28602.74,845717.02
2018-11-23,LTCUSD,31.38,32.77,30.31,31.77,22876.91,719110.03
2018-11-22,LTCUSD,34.37,34.54,31.1,31.38,16985.17,565457.92
2018-11-21,LTCUSD,32.33,34.37,31,34.37,26853.26,881844.92
2018-11-20,LTCUSD,35.81,37.45,30.23,32.33,65478.39,2176356.94
2018-11-19,LTCUSD,41.8,41.8,35,35.81,37166.54,1394101.1
2018-11-18,LTCUSD,41.44,43.01,41.44,41.8,6294.67,264173.1
2018-11-17,LTCUSD,41.74,41.8,41.12,41.44,8535.33,353959.69
2018-11-16,LTCUSD,43.38,43.57,41.35,41.74,11047.26,467951.73
2018-11-15,LTCUSD,42.75,43.67,39.66,43.38,22673.07,954422.47
2018-11-14,LTCUSD,48.91,49.91,40.22,42.75,45284.75,1952774.63
2018-11-13,LTCUSD,50.23,50.42,48.23,48.91,5002.96,247599.15
2018-11-12,LTCUSD,50.89,51.25,49.94,50.23,2839.78,143312.3
2018-11-11,LTCUSD,51.75,51.88,49.5,50.89,5230.6,265035.15
2018-11-10,LTCUSD,51.65,52.35,51.52,51.75,2677.81,139012.35
2018-11-09,LTCUSD,52.12,52.5,51.11,51.65,4734.28,245485.02
2018-11-08,LTCUSD,53.88,54.46,51.9,52.12,6816.73,361486.2
2018-11-07,LTCUSD,55.91,56.33,53.2,53.88,6072.04,333678.27
2018-11-06,LTCUSD,53.48,56.01,53.41,55.91,7190.48,391201.88
2018-11-05,LTCUSD,54.04,54.63,52.7,53.48,8077.71,430357.36
2018-11-04,LTCUSD,50.66,55.81,50.48,54.04,11799.63,633750.26
2018-11-03,LTCUSD,51.05,51.24,50.29,50.66,2523.65,128408.2
2018-11-02,LTCUSD,50.15,51.62,50.15,51.05,5250.11,267045.03
2018-11-01,LTCUSD,49.42,50.33,49.41,50.15,3501.96,174131.47
2018-10-31,LTCUSD,48.86,50.27,47.83,49.42,6283.32,308902.06
2018-10-30,LTCUSD,48.52,49.19,48.44,48.86,2927.56,142873.13
2018-10-29,LTCUSD,51.41,51.54,47.4,48.52,12936.23,634422.55
2018-10-28,LTCUSD,51.53,51.72,51.17,51.41,2392.58,123085.41
2018-10-27,LTCUSD,51.61,51.79,51.33,51.53,2297.16,118376.66
2018-10-26,LTCUSD,51.61,52.27,51.1,51.61,4439.33,229230.4
2018-10-25,LTCUSD,51.91,51.99,51.53,51.61,2057.69,106483.46
2018-10-24,LTCUSD,52.07,52.57,51.78,51.91,2329.42,121409.91
2018-10-23,LTCUSD,51.75,52.53,51.29,52.07,4515.63,234030.42
2018-10-22,LTCUSD,52.25,52.55,51.5,51.75,4231.6,219815.71
2018-10-21,LTCUSD,52.86,53.26,52.15,52.25,2125.93,112197.08
2018-10-20,LTCUSD,52.49,52.98,52,52.86,2069.46,108762.44
2018-10-19,LTCUSD,51.76,53.12,51.48,52.49,3823.93,200430.46
2018-10-18,LTCUSD,52.93,53.33,50.95,51.76,6979.61,363360.08
2018-10-17,LTCUSD,53.1,53.22,52.3,52.93,4907.8,258614.61
2018-10-16,LTCUSD,53.49,53.49,53.45,53.45,0.0,0.0
2018-10-15,LTCUSD,51.14,58.09,50.86,53.49,36879.39,1981009.92
2018-10-14,LTCUSD,52.84,53.35,50.85,51.14,5049.28,262989.22
2018-10-13,LTCUSD,52.84,53.88,52.42,52.84,5264.67,279181.29
2018-10-12,LTCUSD,50.62,53.22,49.82,52.84,11398.62,590723.59
2018-10-11,LTCUSD,57.58,57.58,49.82,50.62,20738.93,1078579.96
2018-10-10,LTCUSD,58.48,58.52,56.67,57.58,8218.84,471041.05
2018-10-09,LTCUSD,59.15,59.25,57.69,58.48,3875.02,226750.46
2018-10-08,LTCUSD,57.95,59.68,57.37,59.15,4859.83,286218.5
2018-10-07,LTCUSD,57.61,58.3,56.6,57.95,3776.58,217343.56
2018-10-06,LTCUSD,58.55,58.73,56.75,57.61,3697.8,212378.67
2018-10-05,LTCUSD,57.97,59.22,57.28,58.55,4495.12,260352.5
2018-10-04,LTCUSD,57.23,58.84,56.52,57.97,8980.13,522135.73
2018-10-03,LTCUSD,59.15,59.2,56.5,57.23,8565.04,493238.74
2018-10-02,LTCUSD,60.29,61.46,58.67,59.15,4743.11,285063.21
2018-10-01,LTCUSD,60.96,61.82,59.08,60.29,9359.32,563314.62
2018-09-30,LTCUSD,61.48,62.77,59.7,60.96,9693.75,590469.95
2018-09-29,LTCUSD,61.8,62.07,58.81,61.48,8233.96,499780.67
2018-09-28,LTCUSD,63.26,64.79,60.05,61.8,16844.86,1049013.86
2018-09-27,LTCUSD,57.17,65.48,56.66,63.26,24812.19,1540422.78
2018-09-26,LTCUSD,57.55,59.79,56.26,57.17,13633.78,793718.62
2018-09-25,LTCUSD,57.93,58.02,54.35,57.55,10676.95,599040.19
2018-09-24,LTCUSD,61.39,61.5,57.14,57.93,11893.88,698141.82
2018-09-23,LTCUSD,60.54,63.81,59.88,61.39,10417.44,645290.21
2018-09-22,LTCUSD,61,61.74,58.05,60.54,9261.84,558230.48
2018-09-21,LTCUSD,56.54,63,56.3,61,27113.49,1592258.9
2018-09-20,LTCUSD,54.2,57.35,53.36,56.54,8532.04,466293.96
2018-09-19,LTCUSD,54.34,55.03,51.54,54.2,8615.36,462090.5
2018-09-18,LTCUSD,52.19,55.38,50.51,54.34,10072.25,526585.47
2018-09-17,LTCUSD,56.71,57.91,51.31,52.19,12048.18,654892.97
2018-09-16,LTCUSD,56.28,57.42,54.28,56.71,4459.45,250123.76
2018-09-15,LTCUSD,56.57,58.72,55.72,56.28,4437.57,254626.87
2018-09-14,LTCUSD,54.61,58.92,52.88,56.57,12537.76,699529.43
2018-09-13,LTCUSD,51.71,55.28,51.7,54.61,13194.99,710063.09
2018-09-12,LTCUSD,51.9,52,47.04,51.71,14795.89,734683.91
2018-09-11,LTCUSD,54.29,54.71,50,51.9,10186.91,537222.95
2018-09-10,LTCUSD,54.54,56.39,53.05,54.29,6143.9,333794.9
2018-09-09,LTCUSD,53.09,56.59,52.06,54.54,5855.23,318232.33
2018-09-08,LTCUSD,55.67,57.15,51.9,53.09,4915.0,263090.15
2018-09-07,LTCUSD,57.42,58.27,55.06,55.67,4537.82,256171.3
2018-09-06,LTCUSD,57.58,57.64,53.9,57.42,13786.26,766013.23
2018-09-05,LTCUSD,67.6,68.09,57.4,57.58,19261.04,1199732.87
2018-09-04,LTCUSD,65.23,69.27,65.23,67.6,7486.03,504955.07
2018-09-03,LTCUSD,66.29,66.36,64.34,65.23,5354.63,348280.27
2018-09-02,LTCUSD,66.44,67,64.15,66.29,5269.88,345751.63
2018-09-01,LTCUSD,62.16,67.72,62.07,66.44,10468.46,674888.25
2018-08-31,LTCUSD,60.12,62.61,59.44,62.16,5894.65,358117.59
2018-08-30,LTCUSD,61.5,61.6,58.61,60.12,5305.74,318079.55
2018-08-29,LTCUSD,63.14,63.35,60.27,61.5,7444.0,460587.25
2018-08-28,LTCUSD,60.5,63.7,59.75,63.14,7640.08,469333.7
2018-08-27,LTCUSD,57.02,61.02,56.6,60.5,7095.0,415983.12
2018-08-26,LTCUSD,57.94,58,55.92,57.02,3408.94,193089.5
2018-08-25,LTCUSD,57.94,58.37,57.06,57.94,1863.31,107860.75
2018-08-24,LTCUSD,57.26,58.21,55.64,57.94,4135.34,236575.8
2018-08-23,LTCUSD,55.18,57.81,54.9,57.26,4836.79,270682.38
2018-08-22,LTCUSD,56.4,59.26,53.88,55.18,17022.81,956913.27
2018-08-21,LTCUSD,53.41,56.71,53.26,56.4,5841.97,321598.38
2018-08-20,LTCUSD,57.86,58.63,53.21,53.41,14468.54,802025.74
2018-08-19,LTCUSD,57.19,58.91,56.33,57.86,3100.63,178397.39
2018-08-18,LTCUSD,61.9,62.22,55.35,57.19,6041.29,351004.2
2018-08-17,LTCUSD,55.32,61.9,55.02,61.9,10362.17,604337.81
2018-08-16,LTCUSD,54.32,57.61,54.13,55.32,9340.02,520728.16
2018-08-15,LTCUSD,54.35,59.31,53.89,54.32,25973.35,1451733.65
2018-08-14,LTCUSD,56.5,56.5,49.36,54.35,26083.55,1356082.54
2018-08-13,LTCUSD,59.32,60.5,55.66,56.5,6906.45,396041.14
2018-08-12,LTCUSD,55.65,55.65,55.65,55.65,0.0,0.0
2018-08-11,LTCUSD,58.92,59.19,55.12,55.65,6704.23,379354.66
2018-08-10,LTCUSD,63.28,63.28,58.16,58.92,10455.9,639149.67
2018-08-09,LTCUSD,62.09,64.99,60.28,63.28,9982.77,629833.99
2018-08-08,LTCUSD,67.35,67.47,61,62.09,19535.16,1261960.05
2018-08-07,LTCUSD,73.57,75,66.79,67.35,10439.27,740561.73
2018-08-06,LTCUSD,74.56,76.73,72.38,73.57,4335.56,323409.07
2018-08-05,LTCUSD,73.05,74.67,72.26,74.56,2391.77,175953.31
2018-08-04,LTCUSD,77.68,78,72.14,73.05,4193.35,312315.9
2018-08-03,LTCUSD,76.12,77.98,74.76,77.68,6228.96,473361.93
2018-08-02,LTCUSD,77.48,78.26,75.54,76.12,4119.04,315084.58
2018-08-01,LTCUSD,78.75,78.92,75.57,77.48,6127.45,473643.65
2018-07-31,LTCUSD,82.27,82.44,76.15,78.75,9045.85,708942.25
2018-07-30,LTCUSD,83.92,84.59,79.73,82.27,7735.39,631366.74
2018-07-29,LTCUSD,84.21,85.09,83.34,83.92,2456.09,206566.91
2018-07-28,LTCUSD,84.2,84.54,82.43,84.21,2821.6,235763.22
2018-07-27,LTCUSD,83.56,84.96,81.38,84.2,6333.02,527325.8
2018-07-26,LTCUSD,86.22,87.89,82.78,83.56,5589.27,479690.8
2018-07-25,LTCUSD,89.24,90.57,84.81,86.22,7306.36,636683.27
2018-07-24,LTCUSD,81.52,89.61,80.94,89.24,15410.64,1320476.1
2018-07-23,LTCUSD,82.33,85.71,81.27,81.52,7054.03,590857.9
2018-07-22,LTCUSD,83.49,83.99,81.55,82.33,5196.93,432177.93
2018-07-21,LTCUSD,81.63,84.61,79.28,83.49,8789.89,727672.82
2018-07-20,LTCUSD,86.1,86.58,81.1,81.63,10957.51,918648.59
2018-07-19,LTCUSD,86.24,88.74,85,86.1,6411.33,556876.12
2018-07-18,LTCUSD,88.69,94.48,85.2,86.24,14254.14,1293232.59
2018-07-17,LTCUSD,83.95,90.23,81.35,88.69,12433.11,1080766.69
2018-07-16,LTCUSD,78.48,84.12,77.58,83.95,10133.38,831349.73
2018-07-15,LTCUSD,76.37,79.4,75.32,78.48,5070.04,389512.84
2018-07-14,LTCUSD,76.6,77.49,75.57,76.37,2161.65,165024.74
2018-07-13,LTCUSD,76.85,78.44,75.25,76.6,10603.94,815556.11
2018-07-12,LTCUSD,78.1,78.11,74.35,76.85,4321.69,327515.33
2018-07-11,LTCUSD,75.97,80.84,75.54,78.1,8438.67,654343.24
2018-07-10,LTCUSD,80.12,80.41,74.5,75.97,8767.99,677793.62
2018-07-09,LTCUSD,82.22,83.01,80.06,80.12,5087.51,415584.98
2018-07-08,LTCUSD,84.98,86.01,81.93,82.22,4711.42,396873.6
2018-07-07,LTCUSD,83.4,85.28,79.53,84.98,6692.54,547425.87
2018-07-06,LTCUSD,83.21,84.25,80.71,83.4,5453.53,449023.29
2018-07-05,LTCUSD,84.99,86.83,81.92,83.21,8263.92,697838.7
2018-07-04,LTCUSD,85,89.23,83.34,84.99,6206.76,532961.19
2018-07-03,LTCUSD,85.39,89.88,84.07,85,12067.07,1049082.79
2018-07-02,LTCUSD,79.85,86.74,78.42,85.39,8506.57,703489.42
2018-07-01,LTCUSD,81.06,81.44,77.82,79.85,3376.31,268167.96
2018-06-30,LTCUSD,78.96,84.07,78.96,81.06,9403.73,767722.14
2018-06-29,LTCUSD,74.11,80.67,72.58,78.96,13746.37,1042816.21
2018-06-28,LTCUSD,80.78,81.34,73.93,74.11,6631.84,514535.12
2018-06-27,LTCUSD,75.65,81.87,75,80.78,8419.3,664916.49
2018-06-26,LTCUSD,81.51,82.43,75.46,75.65,6833.79,542066.88
2018-06-25,LTCUSD,80.53,84.24,78.82,81.51,13902.02,1135498.28
2018-06-24,LTCUSD,82.9,83.74,73.33,80.53,19618.4,1543412.58
2018-06-23,LTCUSD,84.77,86.79,81.57,82.9,4435.8,371953.51
2018-06-22,LTCUSD,96.61,96.82,80.31,84.77,17733.65,1536828.93
2018-06-21,LTCUSD,97.99,99.27,96,96.61,3633.53,354393.94
2018-06-20,LTCUSD,98.61,98.94,95.24,97.99,4650.41,450205.68
2018-06-19,LTCUSD,98.78,101.52,96.98,98.61,6592.21,650823.09
2018-06-18,LTCUSD,94.93,99.92,93.11,98.78,9995.23,964651.22
2018-06-17,LTCUSD,97.26,97.98,94.55,94.93,3442.86,332690.98
2018-06-16,LTCUSD,95.45,97.41,92.79,97.26,7682.78,737125.53
2018-06-15,LTCUSD,100.89,100.91,94.76,95.45,7811.77,764297.46
2018-06-14,LTCUSD,93.74,102.88,92.56,100.89,11514.43,1123661.69
2018-06-13,LTCUSD,99.94,100.1,88.69,93.74,21885.11,2044163.77
2018-06-12,LTCUSD,107.07,108,97.46,99.94,13852.74,1414132.58
2018-06-11,LTCUSD,106.35,108.5,103,107.07,16892.39,1783599.8
2018-06-10,LTCUSD,117.29,117.29,102.87,106.35,25975.18,2820383.96
2018-06-09,LTCUSD,119.94,120.81,116.41,117.29,4817.34,572532.65
2018-06-08,LTCUSD,121.27,122.06,118.27,119.94,3744.32,448003.75
2018-06-07,LTCUSD,121.34,123.38,119.16,121.27,5985.68,726957.76
2018-06-06,LTCUSD,122,122.73,118.33,121.34,6102.14,738427.89
2018-06-05,LTCUSD,119.66,122.33,116.02,122,7897.95,940385.28
2018-06-04,LTCUSD,125.2,126.77,118,119.66,8742.21,1056882.81
2018-06-03,LTCUSD,123.33,127.9,122.21,125.2,9749.57,1227485.92
2018-06-02,LTCUSD,119.76,124.52,118.62,123.33,7805.58,952894.53
2018-06-01,LTCUSD,118.18,120.25,116.68,119.76,6530.34,774954.51
2018-05-31,LTCUSD,117.2,120.99,116.12,118.18,6031.79,717430.13
2018-05-30,LTCUSD,119.27,122.63,114.98,117.2,10163.6,1200406.24
2018-05-29,LTCUSD,111.11,122.7,109.35,119.27,11819.54,1383415.95
2018-05-28,LTCUSD,117.71,119.06,110.22,111.11,13726.9,1559587.06
2018-05-27,LTCUSD,118.2,118.67,116.28,117.71,3999.62,468663.03
2018-05-26,LTCUSD,119,122.38,117.46,118.2,2284.81,274693.64
2018-05-25,LTCUSD,122.65,124.21,117.01,119,6023.22,722319.85
2018-05-24,LTCUSD,118.61,124.65,114.94,122.65,9236.97,1106424.59
2018-05-23,LTCUSD,128.24,129.17,116.12,118.61,15596.3,1895299.15
2018-05-22,LTCUSD,134.18,136.08,126.94,128.24,5025.12,661445.38
2018-05-21,LTCUSD,140.1,140.1,133.27,134.18,4762.87,648042.92
2018-05-20,LTCUSD,135.11,141.01,132.5,140.1,7093.14,984508.09
2018-05-19,LTCUSD,135.97,137.73,133.1,135.11,4071.78,551489.57
2018-05-18,LTCUSD,132.08,137.71,128.89,135.97,14573.83,1930395.03
2018-05-17,LTCUSD,139.2,141.32,131.37,132.08,10613.48,1450341.89
2018-05-16,LTCUSD,139.19,140.81,134.34,139.2,10913.35,1497873.13
2018-05-15,LTCUSD,147.45,149.61,137.51,139.19,9940.55,1424813.09
2018-05-14,LTCUSD,144.31,153.12,134.64,147.45,27717.21,4043019.8
2018-05-13,LTCUSD,141.47,146.76,136.42,144.31,8157.66,1159797.3
2018-05-12,LTCUSD,135.86,144.46,131.3,141.47,12569.27,1743952.01
2018-05-11,LTCUSD,148.18,148.41,133.2,135.86,28250.97,3997454.76
2018-05-10,LTCUSD,156.45,160.49,147.67,148.18,10149.47,1562586.39
2018-05-09,LTCUSD,158.8,160.22,150.98,156.45,12365.24,1926293.31
2018-05-08,LTCUSD,164.43,168.46,156.9,158.8,20298.2,3256953.04
2018-05-07,LTCUSD,171.56,171.7,157.55,164.43,29249.19,4793674.19
2018-05-06,LTCUSD,177.56,183.57,165.05,171.56,19335.14,3318911.78
2018-05-05,LTCUSD,169,183.01,167.85,177.56,25392.51,4455114.79
2018-05-04,LTCUSD,161.39,171.84,157.97,169,25599.32,4166969.7
2018-05-03,LTCUSD,151.5,164.89,150.43,161.39,26010.36,4117082.42
2018-05-02,LTCUSD,148.34,153.94,146.18,151.5,9189.76,1366746.53
2018-05-01,LTCUSD,148.38,148.87,143.22,148.34,23171.55,3364339.21
2018-04-30,LTCUSD,153.44,154.49,146.82,148.38,10963.31,1647669.25
2018-04-29,LTCUSD,151.62,156.19,147.94,153.44,11984.23,1824847.72
2018-04-28,LTCUSD,146.02,153.5,145,151.62,18574.93,2788948.17
2018-04-27,LTCUSD,153.3,153.83,145.03,146.02,14445.38,2167961.03
2018-04-26,LTCUSD,144.63,154.48,141.96,153.3,12963.57,1895397.23
2018-04-25,LTCUSD,165.27,165.27,142.66,144.63,46810.55,7076659.93
2018-04-24,LTCUSD,152.59,166.21,152.59,165.27,28940.94,4679650.84
2018-04-23,LTCUSD,146.72,153.86,146.64,152.59,12714.31,1924105.28
2018-04-22,LTCUSD,148.97,153.75,144.99,146.72,13930.68,2084070.97
2018-04-21,LTCUSD,155.55,157.05,141.4,148.97,21867.48,3262644.21
2018-04-20,LTCUSD,146.53,156.6,143.25,155.55,29393.62,4408750.8
2018-04-19,LTCUSD,140.21,147.63,138.82,146.53,14437.78,2056446.97
2018-04-18,LTCUSD,132.59,141.63,131.91,140.21,15679.12,2149007.21
2018-04-17,LTCUSD,128.78,140.12,128.73,132.59,25242.02,3411457.79
2018-04-16,LTCUSD,132.84,133.29,125.15,128.78,15778.83,2015262.81
2018-04-15,LTCUSD,126.13,134.68,126.13,132.84,14417.62,1888261.05
2018-04-14,LTCUSD,125.21,130,124.58,126.13,11285.7,1433474.14
2018-04-13,LTCUSD,129.9,133.73,124,125.21,33605.5,4338426.47
2018-04-12,LTCUSD,117.97,130.89,113.12,129.9,41789.68,5069007.16
2018-04-11,LTCUSD,113.96,119.76,113.1,117.97,10230.58,1179322.48
2018-04-10,LTCUSD,114.85,115.04,111.55,113.96,7550.53,855728.01
2018-04-09,LTCUSD,117.75,122.78,112.69,114.85,17769.29,2075710.06
2018-04-08,LTCUSD,115.97,118.37,114.95,117.75,7906.01,922843.53
2018-04-07,LTCUSD,112.79,119.85,112.69,115.97,13624.46,1599757.28
2018-04-06,LTCUSD,118.39,120.11,111.63,112.79,16532.94,1884112.07
2018-04-05,LTCUSD,118.29,122,113.15,118.39,21441.77,2535330.12
2018-04-04,LTCUSD,133.87,134.64,115.07,118.29,33020.11,4040560.56
2018-04-03,LTCUSD,118.89,159.65,117.99,133.87,32880.49,4219848.39
2018-04-02,LTCUSD,115,122,114.25,118.89,20008.33,2387800.09
2018-04-01,LTCUSD,115.84,117.59,109.33,115,17292.63,1954119.17
2018-03-31,LTCUSD,118.07,124.41,115.17,115.84,16711.09,2002644.79
2018-03-30,LTCUSD,114.4,125.94,109,118.07,32879.69,3837519.72
2018-03-29,LTCUSD,131.54,132.35,112.02,114.4,54555.97,6532065.72
2018-03-28,LTCUSD,134.62,139.64,130.11,131.54,19283.44,2586430.4
2018-03-27,LTCUSD,148.1,149.32,134.62,134.62,33828.37,4752438.19
2018-03-26,LTCUSD,160.17,160.7,141.7,148.1,30355.65,4510867.48
2018-03-25,LTCUSD,158.29,162.92,157.13,160.17,7333.71,1171249.15
2018-03-24,LTCUSD,168.82,169.8,158.29,158.29,9777.33,1610205.23
2018-03-23,LTCUSD,163.34,168.82,156.67,168.82,14089.8,2263849.51
2018-03-22,LTCUSD,168.67,172.34,159.49,163.34,17496.95,2892217.83
2018-03-21,LTCUSD,168.73,175.17,165.45,168.67,22325.92,3815180.23
2018-03-20,LTCUSD,161.23,173.37,155.31,168.73,24261.21,3978213.29
2018-03-19,LTCUSD,153.24,163.81,150.62,161.23,23919.13,3750479.06
2018-03-18,LTCUSD,152.24,156.8,137.01,153.24,42569.56,6184326.54
2018-03-17,LTCUSD,164.65,165.35,150.4,152.24,19835.85,3135116.97
2018-03-16,LTCUSD,163.48,171.72,157.82,164.65,16169.0,2663348.26
2018-03-15,LTCUSD,160.24,167.35,150,163.48,31169.61,4959723.5
2018-03-14,LTCUSD,175.35,177.72,156.18,160.24,25114.02,4134222.55
2018-03-13,LTCUSD,177.68,182,171,175.35,18474.5,3248851.74
2018-03-12,LTCUSD,188.36,193,173.81,177.68,23045.87,4213649.97
2018-03-11,LTCUSD,176.47,193.81,170.6,188.36,37137.0,6773677.2
2018-03-10,LTCUSD,185.99,195.2,174.31,176.47,20651.77,3837068.21
2018-03-09,LTCUSD,175.35,190,159.11,185.99,56396.19,9810107.78
2018-03-08,LTCUSD,185.45,189,174.5,175.35,33828.48,6081803.47
2018-03-07,LTCUSD,195.54,199.75,174.3,185.45,38705.98,7160778.41
2018-03-06,LTCUSD,210.5,210.5,191.79,195.54,20140.51,4051425.12
2018-03-05,LTCUSD,213.7,216.4,208.25,210.5,10101.16,2147134.2
2018-03-04,LTCUSD,209.81,215.42,204.62,213.7,13230.82,2768926.79
2018-03-03,LTCUSD,212.31,218.1,208.72,209.81,18751.24,4029395.46
2018-03-02,LTCUSD,209.05,213.77,203.95,212.31,10603.37,2201401.9
2018-03-01,LTCUSD,201.84,215.5,200.3,209.05,21956.6,4583161.92
2018-02-28,LTCUSD,215,223.99,201.03,201.84,19210.74,4068447.87
2018-02-27,LTCUSD,218.78,223.75,212.15,215,21771.18,4733712.6
2018-02-26,LTCUSD,218.27,262,214.5,218.78,63952.68,14337698.79
2018-02-25,LTCUSD,206.34,223.28,200.01,218.27,41945.19,8861330.11
2018-02-24,LTCUSD,207.13,218.52,194.67,206.34,37112.6,7610869.55
2018-02-23,LTCUSD,193.24,215.72,182,207.13,45511.88,9066666.1
2018-02-22,LTCUSD,210.36,222.59,188.03,193.24,45199.18,9198462.07
2018-02-21,LTCUSD,228.73,232.56,205.01,210.36,51627.15,11183182.05
2018-02-20,LTCUSD,222.68,252.63,221.09,228.73,65585.95,15648675.37
2018-02-19,LTCUSD,214.3,226.99,214.2,222.68,16169.29,3607511.36
2018-02-18,LTCUSD,229.96,232,212.48,214.3,30656.01,6849507.05
2018-02-17,LTCUSD,228.88,234,225,229.96,21191.0,4850083.72
2018-02-16,LTCUSD,222.07,236.9,210.01,228.88,45253.9,10113060.67
2018-02-15,LTCUSD,212.79,236.86,207.64,222.07,79097.66,17668825.05
2018-02-14,LTCUSD,158.82,220.79,158.82,212.79,98106.8,18996868.55
2018-02-13,LTCUSD,161.64,162.31,152.76,158.82,11610.51,1828110.72
2018-02-12,LTCUSD,148.4,163.67,148.4,161.64,24911.0,3951477.75
2018-02-11,LTCUSD,154.51,155.79,140.75,148.4,21879.2,3249998.82
2018-02-10,LTCUSD,164.83,169.54,147.01,154.51,32073.33,5140008.38
2018-02-09,LTCUSD,149.5,164.83,141.9,164.83,26454.92,4054724.54
2018-02-08,LTCUSD,137.5,151,137.3,149.5,32701.84,4777817.35
2018-02-07,LTCUSD,141.91,159.49,129.94,137.5,67374.38,9816272.93
2018-02-06,LTCUSD,122.6,148,103.02,141.91,117737.23,14369535.93
2018-02-05,LTCUSD,147.07,154.9,115.5,122.6,110517.3,14707443.15
2018-02-04,LTCUSD,160.7,174.4,135.88,147.07,76634.04,11890052.63
2018-02-03,LTCUSD,131.08,165.4,117.97,160.7,45712.26,6632750.62
2018-02-02,LTCUSD,140.84,147,101,131.08,64977.72,8117032.45
2018-02-01,LTCUSD,162.3,164.87,127,140.84,48969.69,7125792.18
2018-01-31,LTCUSD,163.63,166,155,162.3,22457.69,3601043.04
2018-01-30,LTCUSD,180.26,180.67,160,163.63,29902.27,5064375.82
2018-01-29,LTCUSD,192.16,193.05,177.79,180.26,14508.9,2645738.96
2018-01-28,LTCUSD,180.2,193.65,180,192.16,19470.87,3633183.93
2018-01-27,LTCUSD,175.39,184.07,173.68,180.2,18099.33,3252337.82
2018-01-26,LTCUSD,179.05,182.7,165.37,175.39,21551.26,3743056.91
2018-01-25,LTCUSD,180.99,185,175,179.05,17826.93,3217852.34
2018-01-24,LTCUSD,177.32,186.13,173,180.99,20442.67,3662104.25
2018-01-23,LTCUSD,180.01,187.39,165.25,177.32,26835.97,4749379.97
2018-01-22,LTCUSD,190.93,195.85,165.1,180.01,32850.56,5935275.85
2018-01-21,LTCUSD,211.75,211.75,182.81,190.93,20428.99,3965586.09
2018-01-20,LTCUSD,194.41,216.6,194.41,211.75,37150.05,7681705.12
2018-01-19,LTCUSD,192.67,203.92,187.77,194.41,28380.42,5541658.87
2018-01-18,LTCUSD,187.5,210,177.06,192.67,48080.11,9317778.14
2018-01-17,LTCUSD,190.73,204.98,137.86,187.5,90762.15,15855831.53
2018-01-16,LTCUSD,231.55,232.75,150.4,190.73,80692.95,15753615.6
2018-01-15,LTCUSD,239,247.48,231.01,231.55,22148.71,5305699.3
2018-01-14,LTCUSD,261.85,280,232,239,39133.22,9741617.7
2018-01-13,LTCUSD,230.68,230.68,230.68,230.68,0.0,0.0
2018-01-12,LTCUSD,230.68,230.68,230.68,230.68,0.0,0.0
2018-01-11,LTCUSD,251.83,254,216.02,230.68,10993.65,2545432.07
2018-01-10,LTCUSD,246.85,254.97,231.75,251.83,17473.4,4223415.56
2018-01-09,LTCUSD,254.96,290,239,246.85,17489.29,4433632.18
2018-01-08,LTCUSD,266.55,271.45,226,254.96,19934.5,5087777.42
2018-01-07,LTCUSD,280.53,286.76,252.4,266.55,13619.89,3766862.82
2018-01-06,LTCUSD,240.45,305,240,280.53,43481.76,12213921.87
2018-01-05,LTCUSD,240,260,236,240.45,22357.57,5466043.86
2018-01-04,LTCUSD,243,246.92,225,240,27422.8,6469641.15
2018-01-03,LTCUSD,254.6,261.49,240.51,243,18211.22,4554847.98
2018-01-02,LTCUSD,225.63,265,225.01,254.6,22425.44,5549587.31
2018-01-01,LTCUSD,230.3,237.77,217.87,225.63,14788.13,3363757.17
2017-12-31,LTCUSD,212.12,236,207.13,230.3,13244.65,2921539.22
2017-12-30,LTCUSD,240.08,242.78,202.2,212.12,31215.25,6893588.39
2017-12-29,LTCUSD,249.45,283,225,242.41,28507.9,7098674.89
2017-12-28,LTCUSD,264.87,266.87,220,249.45,22203.91,5427711.1
2017-12-27,LTCUSD,279.81,286.76,251.26,264.87,16301.22,4423588.59
2017-12-26,LTCUSD,265.89,285,263.06,279.81,13444.93,3735438.14
2017-12-25,LTCUSD,264.89,282.32,258.78,265.89,10462.73,2831915.06
2017-12-24,LTCUSD,276.72,292.75,240,264.89,19523.43,5095153.7
2017-12-23,LTCUSD,258.63,310,253.19,276.72,32678.33,9274575.88
2017-12-22,LTCUSD,297.14,302.69,195,258.63,48266.49,12215745.49
2017-12-21,LTCUSD,298,320,275,297.14,28994.37,8671359.31
2017-12-20,LTCUSD,341.64,344.56,285,298,38278.67,11952167.22
2017-12-19,LTCUSD,353.65,369,310,341.64,28528.8,9937043.13
2017-12-18,LTCUSD,312.78,360.94,300,353.65,28832.42,9347474.82
2017-12-17,LTCUSD,296.17,325.48,296.17,312.78,24810.27,7747999.84
2017-12-16,LTCUSD,299,307.91,285,296.17,18322.85,5466312.43
2017-12-15,LTCUSD,271.94,313.91,250,299,39932.17,11207987.71
2017-12-14,LTCUSD,294.61,307.13,262.5,271.94,30772.96,8782970.39
2017-12-13,LTCUSD,290.54,329,260,294.61,48793.74,14657498.16
2017-12-12,LTCUSD,210.69,349,200.5,290.54,103023.33,27965016.25
2017-12-11,LTCUSD,144.39,219.99,143.16,210.69,93118.84,17276278.26
2017-12-10,LTCUSD,148.49,155.99,125.56,144.39,38281.86,5489186.45
2017-12-09,LTCUSD,119.84,168,119.84,148.49,64549.37,9324134.81
2017-12-08,LTCUSD,92.98,125.5,90.5,119.84,73645.58,8177764.59
2017-12-07,LTCUSD,97.87,100,90.1,92.98,32689.9,3128565.56
2017-12-06,LTCUSD,101,103.45,96.01,97.87,24037.48,2421847.41
2017-12-05,LTCUSD,103.1,104,100.33,101,17732.29,1812082.61
2017-12-04,LTCUSD,100.43,103.22,98.3,103.1,15292.61,1535187.55
2017-12-03,LTCUSD,98.76,104,98.01,100.43,23562.51,2379280.4
2017-12-02,LTCUSD,97.43,102.78,97,98.76,31367.42,3120111.63
2017-12-01,LTCUSD,87.59,100,82,97.43,45945.72,4220712.4
2017-11-30,LTCUSD,83.95,91.99,78.21,87.59,43497.4,3717449.65
2017-11-29,LTCUSD,92.87,102.49,70.02,83.95,82094.38,7662657.73
2017-11-28,LTCUSD,89.84,93.68,88,92.87,31573.07,2874713.77
2017-11-27,LTCUSD,84.01,90.3,83.75,89.84,28980.98,2550127.46
2017-11-26,LTCUSD,87.16,88.34,81,84.01,29751.1,2528612.42
2017-11-25,LTCUSD,75.99,88.38,75.67,87.16,45336.18,3682681.62
2017-11-24,LTCUSD,73.01,76,71.01,75.66,29815.34,2203432.55
2017-11-23,LTCUSD,71.88,75.78,70.21,73.01,39360.28,2900903.13
2017-11-22,LTCUSD,70.19,71.99,69.21,71.88,19661.32,1393697.76
2017-11-21,LTCUSD,72,72.5,67,70.19,32185.27,2268441.69
2017-11-20,LTCUSD,71.08,73.05,70.53,72,36398.38,2615625.53
2017-11-19,LTCUSD,69.5,73,68.21,71.08,24014.73,1691385.59
2017-11-18,LTCUSD,67.75,69.59,65.06,69.5,19089.03,1282994.53
2017-11-17,LTCUSD,70,70,64.01,67.75,33486.2,2265035.88
2017-11-16,LTCUSD,63.26,74.7,62,70,48308.69,3163673.53
2017-11-15,LTCUSD,63.22,64.8,62.49,63.26,30859.85,1965215.99
2017-11-14,LTCUSD,61.03,65,60.94,63.22,28032.75,1754148.15
2017-11-13,LTCUSD,58.1,62.6,57.71,61.03,35834.54,2161561.5
2017-11-12,LTCUSD,61.88,62.23,56.61,58.1,44012.93,2589769.98
2017-11-11,LTCUSD,58.8,63.99,56,61.88,47608.17,2894541.83
2017-11-10,LTCUSD,64.24,65.9,55.78,58.8,53729.12,3297154.46
2017-11-09,LTCUSD,62.16,66.95,61.81,64.24,47142.33,3016840.22
2017-11-08,LTCUSD,60.6,63.93,59.73,62.16,67766.73,4153519.9
2017-11-07,LTCUSD,54.61,63.5,54.3,60.6,93135.05,5341354.56
2017-11-06,LTCUSD,54.42,55.53,53.06,54.61,32192.15,1759445.46
2017-11-05,LTCUSD,54.89,55.2,53.06,54.42,8234.6,447736.8
2017-11-04,LTCUSD,55.98,56.21,54,54.89,14311.25,790525.33
2017-11-03,LTCUSD,54.19,57.29,53.51,55.98,28538.82,1563557.41
2017-11-02,LTCUSD,53.46,54.88,50.5,54.19,39074.39,2040360.33
2017-11-01,LTCUSD,55.47,55.7,53.01,53.46,22844.25,1252238.02
2017-10-31,LTCUSD,56.29,56.6,55,55.47,12712.21,711891.35
2017-10-30,LTCUSD,56.75,58.01,55.7,56.29,15741.7,895788.59
2017-10-29,LTCUSD,54.24,57.5,53.02,56.75,37811.4,2087131.28
2017-10-28,LTCUSD,55.17,55.87,54,54.24,6603.4,361381.24
2017-10-27,LTCUSD,55.56,56.17,55,55.17,8895.9,491861.81
2017-10-26,LTCUSD,56.39,57.5,55.01,55.56,10819.08,608527.87
2017-10-25,LTCUSD,55.99,57.23,54.1,56.39,17109.38,947129.16
2017-10-24,LTCUSD,54.66,59.9,53.3,55.99,32020.03,1835984.04
2017-10-23,LTCUSD,56.69,57.04,53,54.66,25330.8,1380962.54
2017-10-22,LTCUSD,58.11,58.78,56.03,56.69,8825.01,504878.95
2017-10-21,LTCUSD,60.04,60.22,56.5,58.11,19200.27,1119788.58
2017-10-20,LTCUSD,59.8,62.8,58.5,60.04,23443.85,1419886.93
2017-10-19,LTCUSD,60.89,61.5,58.37,59.8,17180.14,1029740.03
2017-10-18,LTCUSD,59.37,62.49,53,60.89,41657.88,2395888.59
2017-10-17,LTCUSD,64.6,64.87,58,59.37,26030.76,1582092.59
2017-10-16,LTCUSD,65.31,66,62.5,64.6,24627.57,1584967.24
2017-10-15,LTCUSD,63.8,69.62,62.11,65.31,53501.92,3499396.35
2017-10-14,LTCUSD,58.8,66.4,58.04,63.8,58563.03,3660343.36
2017-10-13,LTCUSD,59.39,60.83,55.2,58.8,66490.74,3871849.75
2017-10-12,LTCUSD,50.75,61.23,50.54,59.39,81427.73,4529159.28
2017-10-11,LTCUSD,50.62,51.23,49.5,50.75,16685.22,841962.48
2017-10-10,LTCUSD,50.08,51.64,48.2,50.62,24713.7,1242562.47
2017-10-09,LTCUSD,53.14,53.33,48.11,50.08,24795.6,1258161.99
2017-10-08,LTCUSD,52.52,54.48,52,53.14,20670.56,1104461.96
2017-10-07,LTCUSD,52.08,52.86,51.38,52.52,8991.6,467342.8
2017-10-06,LTCUSD,51.66,52.97,51.05,52.08,11547.36,602244.27
2017-10-05,LTCUSD,51.01,52,50,51.66,18266.8,934174.06
2017-10-04,LTCUSD,52.14,53.41,50.5,51.01,19687.27,1014240.81
2017-10-03,LTCUSD,53.18,53.63,51.21,52.14,27887.55,1450391.61
2017-10-02,LTCUSD,54.68,55.22,53.01,53.18,17419.02,943892.89
2017-10-01,LTCUSD,55.65,55.69,53.35,54.68,20075.41,1093376.41
2017-09-30,LTCUSD,52.92,56.12,52.81,55.65,18782.26,1034913.78
2017-09-29,LTCUSD,55.12,55.15,50.16,52.92,47583.66,2515010.32
2017-09-28,LTCUSD,57,57.97,53.75,55.12,62497.7,3475561.31
2017-09-27,LTCUSD,52,57.48,52,57,51530.64,2833649.69
2017-09-26,LTCUSD,52.37,54.3,51.3,52,38302.14,2027728.28
2017-09-25,LTCUSD,47.69,53.42,47.31,52.37,47081.43,2410163.9
2017-09-24,LTCUSD,49.5,49.65,47.23,47.69,16043.46,775721.36
2017-09-23,LTCUSD,47.8,51.01,46.5,49.5,30236.68,1486901.74
2017-09-22,LTCUSD,46.71,48.99,45.02,47.8,40142.22,1879739.97
2017-09-21,LTCUSD,51.25,52.45,45.5,46.71,75370.49,3704605.07
2017-09-20,LTCUSD,53.09,54.22,50.86,51.25,28644.46,1510665.43
2017-09-19,LTCUSD,56.13,56.8,51.28,53.09,89364.21,4832394.14
2017-09-18,LTCUSD,51.21,58.48,51.15,56.13,103374.19,5654919.86
2017-09-17,LTCUSD,52.22,53.19,48.04,51.21,77470.99,3953536.83
2017-09-16,LTCUSD,52.2,58.67,50.05,52.22,104284.45,5535476.02
2017-09-15,LTCUSD,45.49,56,35.11,52.2,200071.96,9598125.95
2017-09-14,LTCUSD,61.88,62.88,45.3,45.49,150265.54,7797776.46
2017-09-13,LTCUSD,66.43,66.44,56.8,61.88,111603.34,6842832.97
2017-09-12,LTCUSD,68.46,72.6,65.1,66.43,44620.43,3082928.95
2017-09-11,LTCUSD,67.84,71.99,65.2,68.46,39455.19,2709343.95
2017-09-10,LTCUSD,71.99,72,65,67.84,48990.63,3318387.11
2017-09-09,LTCUSD,74.1,75,70.11,71.99,25286.99,1831201.11
2017-09-08,LTCUSD,81.07,82.5,68,74.1,73212.3,5542576.24
2017-09-07,LTCUSD,82.41,83.3,78.1,81.07,50596.4,4100234.42
2017-09-06,LTCUSD,74.6,83.33,74.6,82.41,64613.05,5146115.43
2017-09-05,LTCUSD,70.1,75.89,65.1,74.6,74325.71,5253395.55
2017-09-04,LTCUSD,80.03,80.03,62.55,70.1,124162.42,8617730.44
2017-09-03,LTCUSD,79.48,84.79,75.25,80.03,67117.64,5384939.46
2017-09-02,LTCUSD,87.45,94.03,75.25,79.48,111170.55,9092253.13
2017-09-01,LTCUSD,73.37,95,71.11,87.45,138093.78,11391980.79
2017-08-31,LTCUSD,65.8,74.81,65,73.37,95296.27,6651385.58
2017-08-30,LTCUSD,62.78,66.2,60.9,65.8,31622.6,1996058.05
2017-08-29,LTCUSD,62.16,63.89,61.1,62.78,62231.48,3850936.51
2017-08-28,LTCUSD,61,64.97,58.5,62.16,66383.15,4106020.49
2017-08-27,LTCUSD,51.68,64.6,51.49,61,102693.3,6103600.69
2017-08-26,LTCUSD,51.7,53,50.2,51.68,19278.17,989002.84
2017-08-25,LTCUSD,50.56,53,49,51.7,29882.96,1529913.3
2017-08-24,LTCUSD,54,54.99,50.56,50.56,73634.73,3855542.08
2017-08-23,LTCUSD,46.51,59,46.31,54,75484.46,3916328.96
2017-08-22,LTCUSD,48.5,48.97,45.6,46.51,28493.47,1332522.34
2017-08-21,LTCUSD,46.15,50,44,48.5,42089.09,1989501.76
2017-08-20,LTCUSD,45.34,47.7,44.2,46.15,14734.44,679648.2
2017-08-19,LTCUSD,46.46,48,43.7,45.34,16045.43,727822.08
2017-08-18,LTCUSD,43.94,47.35,42.8,46.46,38850.63,1768548.35
2017-08-17,LTCUSD,44.05,45.1,43.2,43.94,17639.16,779688.53
2017-08-16,LTCUSD,43,46.23,42,44.05,22591.07,982811.81
2017-08-15,LTCUSD,45.99,45.99,41.62,43,27054.12,1177917.12
2017-08-14,LTCUSD,45.3,46.8,45.15,45.99,13580.18,619426.5
2017-08-13,LTCUSD,46.12,47.27,44.44,45.3,30495.87,1401619.16
2017-08-12,LTCUSD,47.15,48.44,46,46.12,23397.01,1103256.23
2017-08-11,LTCUSD,47.46,48.1,46.75,47.15,20314.66,961406.58
2017-08-10,LTCUSD,48.2,48.9,47.45,47.46,16055.14,772918.14
2017-08-09,LTCUSD,49.1,52,46.62,48.2,32831.94,1603403.63
2017-08-08,LTCUSD,45.84,49.89,45.65,49.1,36755.4,1727741.63
2017-08-07,LTCUSD,45.3,46.8,45.04,45.84,24667.64,1129778.4
2017-08-06,LTCUSD,46.22,46.87,45.1,45.3,21942.77,1007613.05
2017-08-05,LTCUSD,43.49,47,43.49,46.22,45054.38,2062044.67
2017-08-04,LTCUSD,42.77,43.87,42.3,43.49,19151.08,824551.36
2017-08-03,LTCUSD,41.86,43.12,41.67,42.77,15188.26,643908.74
2017-08-02,LTCUSD,43,43.32,41.12,41.86,40745.79,1725753.52
2017-08-01,LTCUSD,42.35,44.9,41.3,43,52390.19,2247388.06
2017-07-31,LTCUSD,40.71,43.54,38.25,42.35,61589.32,2549883.24
2017-07-30,LTCUSD,41.2,42,40.02,40.71,17785.69,726509.71
2017-07-29,LTCUSD,40.55,41.5,38.5,41.2,23703.54,946105.96
2017-07-28,LTCUSD,41.62,45,40.14,40.55,43335.66,1797487.72
2017-07-27,LTCUSD,41.85,42.38,40.85,41.62,40380.61,1681670.71
2017-07-26,LTCUSD,42.09,42.87,40.18,41.85,69566.44,2892048.9
2017-07-25,LTCUSD,44.69,45.19,39.58,42.09,53852.87,2262459.32
2017-07-24,LTCUSD,45.29,45.9,44.33,44.69,47412.32,2126648.23
2017-07-23,LTCUSD,46.7,47.1,43.74,45.29,30356.05,1374525.06
2017-07-22,LTCUSD,45.25,47.38,44.95,46.7,43310.1,1981183.58
2017-07-21,LTCUSD,44.75,48,43.78,45.25,73840.04,3394584.94
2017-07-20,LTCUSD,39.91,46,39.91,44.75,102758.28,4445739.49
2017-07-19,LTCUSD,43.47,44.12,38.02,39.91,87454.21,3690197.55
2017-07-18,LTCUSD,42.25,45,40.69,43.47,106352.56,4608518.85
2017-07-17,LTCUSD,40.53,43.3,39.19,42.25,99453.03,4108124.85
2017-07-16,LTCUSD,38.3,41.79,35,40.53,116805.64,4431196.95
2017-07-15,LTCUSD,42.68,42.68,37.37,38.3,106296.61,4181709.08
2017-07-14,LTCUSD,45.46,45.85,40,42.68,48629.97,2051438.54
2017-07-13,LTCUSD,46.78,47.7,43.4,45.46,31662.27,1442520.71
2017-07-12,LTCUSD,43.81,48.75,42.2,46.78,63136.68,2906776.28
2017-07-11,LTCUSD,44.25,48.75,41.15,43.81,83468.22,3657671.6
2017-07-10,LTCUSD,48.96,49.67,42.2,44.25,96983.87,4517603.14
2017-07-09,LTCUSD,51.11,52,48.25,48.96,30713.45,1531821.48
2017-07-08,LTCUSD,46.19,51.86,44.34,51.11,52717.39,2554751.17
2017-07-07,LTCUSD,51.01,51.6,44.48,46.19,48514.23,2300807.62
2017-07-06,LTCUSD,53.2,53.26,49.51,51.01,41446.75,2119266.71
2017-07-05,LTCUSD,55,56.77,49.14,53.2,72108.86,3812460.85
2017-07-04,LTCUSD,45.44,55,45.33,55,161490.94,8223619.68
2017-07-03,LTCUSD,41.5,47.7,40.48,45.44,86833.77,3916280.3
2017-07-02,LTCUSD,37.93,42,36.45,41.5,29111.94,1153378.21
2017-07-01,LTCUSD,39.05,39.55,36.5,37.93,21148.24,802394.05
2017-06-30,LTCUSD,40.06,41.2,38.76,39.05,19664.26,786817.39
2017-06-29,LTCUSD,41.9,42.35,39.28,40.06,23873.07,976567.46
2017-06-28,LTCUSD,39.33,43.75,37.51,41.9,51862.16,2120089.29
2017-06-27,LTCUSD,37.9,39.8,33.5,39.33,43056.19,1585340.15
2017-06-26,LTCUSD,40.34,41.54,33,37.9,53405.41,1967593.6
2017-06-25,LTCUSD,42.39,43.3,37.37,40.34,42613.3,1743639.02
2017-06-24,LTCUSD,45.18,45.68,40.75,42.39,27463.65,1178492.39
2017-06-23,LTCUSD,46.07,46.97,44.72,45.18,17061.61,782179.3
2017-06-22,LTCUSD,43.73,47.87,42.46,46.07,31332.96,1428277.14
2017-06-21,LTCUSD,45.1,46.6,41.05,43.73,59289.63,2606008.1
2017-06-20,LTCUSD,47.02,48.35,39.5,45.1,65993.36,2975846.1
2017-06-19,LTCUSD,43.42,51,42,47.02,111523.63,5213838.02
2017-06-18,LTCUSD,46.01,46.32,39.88,43.42,102036.25,4427094.33
2017-06-17,LTCUSD,33.69,48.48,33.69,46.01,174639.52,7079311.96
2017-06-16,LTCUSD,29.27,34.42,28,33.69,68445.19,2157312.81
2017-06-15,LTCUSD,29.05,30,23.44,29.27,66964.65,1839032.83
2017-06-14,LTCUSD,30.3,31.81,27.5,29.05,44042.46,1313202.86
2017-06-13,LTCUSD,28.39,30.35,28.04,30.3,21588.57,634115.16
2017-06-12,LTCUSD,33.12,33.36,25,28.39,60039.27,1789188.64
2017-06-11,LTCUSD,28.77,33.82,28.55,33.12,50062.29,1563721.93
2017-06-10,LTCUSD,29.66,30.01,28.5,28.77,32810.82,965322.21
2017-06-09,LTCUSD,30.4,31.2,29.55,29.66,23205.44,702931.06
2017-06-08,LTCUSD,28.48,30.85,28.01,30.4,25892.33,771800.7
2017-06-07,LTCUSD,30.19,30.64,28,28.48,23360.69,686030.72
2017-06-06,LTCUSD,30.68,31.03,28.35,30.19,39402.41,1180495.35
2017-06-05,LTCUSD,27.84,31.65,27.75,30.68,37809.53,1129238.69
2017-06-04,LTCUSD,27.32,28,26.83,27.84,16886.92,463698.21
2017-06-03,LTCUSD,28,28.12,27.11,27.32,13100.9,361798.52
2017-06-02,LTCUSD,27.32,28.73,26.75,28,22884.61,632982.13
2017-06-01,LTCUSD,25.78,29.7,25.46,27.32,47250.76,1305213.9
2017-05-31,LTCUSD,23.57,26.3,23.29,25.78,31056.43,769333.85
2017-05-30,LTCUSD,25.44,26.66,23,23.57,51490.64,1309602.33
2017-05-29,LTCUSD,23.51,26.5,22.8,25.44,19783.58,492051.72
2017-05-28,LTCUSD,22.16,26.01,21.13,23.51,33501.78,788156.13
2017-05-27,LTCUSD,24.93,26,17.5,22.16,57051.13,1262582.85
2017-05-26,LTCUSD,27,30.44,24.2,24.93,53661.84,1448308.05
2017-05-25,LTCUSD,33.81,34.33,26.11,27,67706.48,2052207.42
2017-05-24,LTCUSD,30.76,34.6,29.91,33.81,55709.33,1790571.25
2017-05-23,LTCUSD,23.67,30.76,23.5,30.76,66584.06,1855112.27
2017-05-22,LTCUSD,25.31,26.18,20.55,23.67,78448.65,1871623.33
2017-05-21,LTCUSD,26.98,28.9,24.87,25.31,35499.48,939309.94
2017-05-20,LTCUSD,27.33,27.85,26.6,26.98,16117.09,438986.08
2017-05-19,LTCUSD,28.49,29.22,26.3,27.33,50903.0,1387660.59
2017-05-18,LTCUSD,25.66,29.89,25.08,28.49,51065.17,1374570.29
2017-05-17,LTCUSD,23.6,27.43,20.75,25.66,114551.08,2747391.8
2017-05-16,LTCUSD,25.34,25.66,20.75,23.6,77872.88,1867132.85
2017-05-15,LTCUSD,28.45,28.75,25.08,25.34,34828.82,919576.51
2017-05-14,LTCUSD,28.94,30.43,27.41,28.45,10091.03,294198.71
2017-05-13,LTCUSD,27.07,28.98,25.1,28.94,33775.06,904446.06
2017-05-12,LTCUSD,30.73,31.55,26.4,27.07,42361.95,1219592.32
2017-05-11,LTCUSD,31.79,35.5,28.2,30.73,51711.48,1592809.53
2017-05-10,LTCUSD,33.5,38.39,30,31.79,96535.58,3308646.34
2017-05-09,LTCUSD,28.4,37,23.6,33.5,85056.91,2454338.4
2017-05-08,LTCUSD,28.9,30,26,28.4,48882.05,1378722.65
2017-05-07,LTCUSD,27.55,30.5,25.23,28.9,39814.45,1145071.39
2017-05-06,LTCUSD,25.8,28.25,25.53,27.55,19468.13,526403.26
2017-05-05,LTCUSD,23.4,27.75,23.4,25.8,73926.95,1907461.18
2017-05-04,LTCUSD,21.5,25.64,20.78,23.4,98707.55,2271312.47
2017-05-03,LTCUSD,15.88,22.47,15.85,21.5,120724.42,2389490.07
2017-05-02,LTCUSD,15.81,16.22,15.1,15.88,24509.02,386511.21
2017-05-01,LTCUSD,15.66,16.31,14.66,15.81,35629.82,558427.73
2017-04-30,LTCUSD,15.9,16.23,15.38,15.66,17224.78,273112.19
2017-04-29,LTCUSD,14.5,15.95,14.5,15.9,15801.73,241755.3
2017-04-28,LTCUSD,14.85,14.97,14.22,14.5,13649.04,200063.09
2017-04-27,LTCUSD,15.01,15.25,13.5,14.85,45075.3,649998.9
2017-04-26,LTCUSD,15.53,16,14.65,15.01,32128.14,496975.86
2017-04-25,LTCUSD,15,15.75,14.3,15.53,19893.91,295354.8
2017-04-24,LTCUSD,15.16,15.21,14.1,15,32732.67,480562.72
2017-04-23,LTCUSD,14.19,16.14,14,15.16,72735.8,1106952.15
2017-04-22,LTCUSD,12.06,14.43,11.89,14.19,70013.03,935962.91
2017-04-21,LTCUSD,11,12.52,10.96,12.06,61959.38,741545.35
2017-04-20,LTCUSD,10.1,11.38,10.1,11,12249.37,133394.03
2017-04-19,LTCUSD,11.03,11.09,10,10.1,18849.89,197531.86
2017-04-18,LTCUSD,11.23,11.53,10.58,11.03,29041.91,319699.04
2017-04-17,LTCUSD,11.68,12.93,11.03,11.23,20486.86,247776.38
2017-04-16,LTCUSD,11.8,11.89,11.44,11.68,4727.09,55379.35
2017-04-15,LTCUSD,11.75,12.15,11.2,11.8,9343.41,110322.44
2017-04-14,LTCUSD,10.98,11.93,10.98,11.75,10272.27,119707.96
2017-04-13,LTCUSD,11.81,11.81,10.55,10.98,21690.23,243046.22
2017-04-12,LTCUSD,9.53,12.7,9.53,11.81,68683.1,784377.59
2017-04-11,LTCUSD,9.93,10.46,9.5,9.53,19916.51,196762.17
2017-04-10,LTCUSD,9.27,10.19,9,9.93,17139.35,164565.66
2017-04-09,LTCUSD,10.66,10.92,8.9,9.27,51338.26,501375.5
2017-04-08,LTCUSD,10,11.43,9.91,10.66,22620.2,243980.21
2017-04-07,LTCUSD,10.92,11.6,9.53,10,44494.26,462195.85
2017-04-06,LTCUSD,12.5,13,9.75,10.92,120568.94,1361949.02
2017-04-05,LTCUSD,9.05,13.77,8.85,12.5,86454.69,940423.53
2017-04-04,LTCUSD,8.58,9.8,8.35,9.05,51159.04,463503.03
2017-04-03,LTCUSD,8.39,9.5,7.58,8.58,60805.16,533338.54
2017-04-02,LTCUSD,7.5,8.63,7.12,8.39,37395.61,302385.69
2017-04-01,LTCUSD,7.07,7.68,6.63,7.5,17896.12,128968.65
2017-03-31,LTCUSD,7.49,7.89,5.91,7.07,63287.38,445348.48
2017-03-30,LTCUSD,4.28,9,4.28,7.49,84099.63,552258.3
2017-03-29,LTCUSD,4.19,4.35,4.14,4.28,7363.89,31147.66
2017-03-28,LTCUSD,4.06,4.25,4.05,4.19,8718.17,36456.04
2017-03-27,LTCUSD,4.05,4.2,3.99,4.06,2627.06,10778.39
2017-03-26,LTCUSD,4.05,4.4,3.82,4.05,12283.2,49171.03
2017-03-25,LTCUSD,4.07,4.5,3.94,4.05,6689.58,27551.58
2017-03-24,LTCUSD,3.92,4.49,3.92,4.07,14290.71,59432.92
2017-03-23,LTCUSD,3.86,4.2,3.85,3.92,11642.5,46484.15
2017-03-22,LTCUSD,4.07,4.07,3.62,3.86,30757.73,120473.97
2017-03-21,LTCUSD,4.04,4.1,3.93,4.07,1980.33,7962.19
2017-03-20,LTCUSD,3.8,4.04,3.78,4.04,5843.15,22813.26
2017-03-19,LTCUSD,3.9,4.1,3.76,3.8,3251.34,12700.28
2017-03-18,LTCUSD,4,4.16,3.76,3.9,8136.88,31458.92
2017-03-17,LTCUSD,4.35,4.35,3.88,4,23522.39,95243.74
2017-03-16,LTCUSD,4.36,4.47,4.11,4.35,10819.18,46872.83
2017-03-15,LTCUSD,4.22,4.37,4.1,4.36,2705.34,11419.7
2017-03-14,LTCUSD,4.33,4.4,4.07,4.22,1842.82,7697.31
2017-03-13,LTCUSD,3.85,4.47,3.75,4.33,22767.96,97003.6
2017-03-12,LTCUSD,3.75,4,3.7,3.85,6838.88,26222.99
2017-03-11,LTCUSD,3.81,3.88,3.75,3.75,946.5,3605.07
2017-03-10,LTCUSD,3.9,4.1,3.68,3.81,12280.69,46552.23
2017-03-09,LTCUSD,3.8,3.92,3.78,3.9,5825.87,22164.91
2017-03-08,LTCUSD,3.95,3.95,3.8,3.8,3097.22,11941.25
2017-03-07,LTCUSD,4.05,4.09,3.93,3.95,748.29,3000.21
2017-03-06,LTCUSD,4.02,4.07,3.96,4.05,510.66,2027.37
2017-03-05,LTCUSD,3.95,4.05,3.91,4.02,6074.7,23951.65
2017-03-04,LTCUSD,4.01,4.08,3.95,3.95,359.11,1438.49
2017-03-03,LTCUSD,4.06,4.12,3.97,4.01,1714.59,6918.62
2017-03-02,LTCUSD,3.86,4.23,3.81,4.06,7865.26,31344.71
2017-03-01,LTCUSD,3.77,3.98,3.76,3.86,4768.36,18398.18
2017-02-28,LTCUSD,3.83,3.87,3.77,3.77,1368.4,5199.46
2017-02-27,LTCUSD,3.89,3.89,3.81,3.83,764.02,2952.12
2017-02-26,LTCUSD,3.86,3.92,3.84,3.89,397.64,1540.09
2017-02-25,LTCUSD,3.95,3.95,3.85,3.86,394.35,1521.58
2017-02-24,LTCUSD,3.88,3.98,3.76,3.95,9817.14,38504.45
2017-02-23,LTCUSD,3.91,3.95,3.87,3.88,2187.15,8550.59
2017-02-22,LTCUSD,3.81,3.91,3.81,3.91,421.54,1633.15
2017-02-21,LTCUSD,3.81,3.85,3.76,3.81,1245.11,4778.66
2017-02-20,LTCUSD,3.77,3.82,3.75,3.81,258.69,974.61
2017-02-19,LTCUSD,3.8,3.84,3.7,3.77,1750.87,6608.78
2017-02-18,LTCUSD,3.83,3.92,3.8,3.8,400.61,1542.75
2017-02-17,LTCUSD,3.84,3.93,3.83,3.83,126.79,489.07
2017-02-16,LTCUSD,3.9,3.93,3.84,3.84,1235.37,4777.67
2017-02-15,LTCUSD,3.84,3.91,3.8,3.9,1076.91,4156.25
2017-02-14,LTCUSD,3.78,3.84,3.73,3.84,1739.88,6604.38
2017-02-13,LTCUSD,3.79,3.8,3.75,3.78,642.1,2425.8
2017-02-12,LTCUSD,3.96,3.96,3.79,3.79,178.11,679.12
2017-02-11,LTCUSD,3.81,3.96,3.76,3.96,2488.71,9551.21
2017-02-10,LTCUSD,3.77,3.85,3.68,3.81,1420.9,5288.47
2017-02-09,LTCUSD,3.99,4.03,3.58,3.77,19970.25,75324.74
2017-02-08,LTCUSD,3.96,4.01,3.85,3.99,2979.75,11832.91
2017-02-07,LTCUSD,3.95,4.01,3.8,3.96,4466.71,17584.7
2017-02-06,LTCUSD,4,4,3.93,3.95,713.72,2829.6
2017-02-05,LTCUSD,4.02,4.02,3.93,4,3317.56,13062.79
2017-02-04,LTCUSD,4,4.08,3.9,4,4121.15,16303.83
2017-02-03,LTCUSD,4.06,4.12,3.94,4,1468.69,5888.24
2017-02-02,LTCUSD,4.03,4.13,3.97,4.06,2197.56,8929.93
2017-02-01,LTCUSD,4.12,4.12,4.02,4.03,3882.93,15646.75
2017-01-31,LTCUSD,4.69,4.69,4.01,4.12,6161.4,25446.26
2017-01-30,LTCUSD,3.89,4.69,3.86,4.69,7697.33,32035.99
2017-01-29,LTCUSD,3.88,3.89,3.84,3.89,477.02,1846.5
2017-01-28,LTCUSD,3.91,3.97,3.85,3.9,1748.81,6830.24
2017-01-27,LTCUSD,3.9,3.91,3.8,3.91,627.79,2441.94
2017-01-26,LTCUSD,3.72,3.9,3.67,3.9,2940.25,11109.22
2017-01-25,LTCUSD,3.75,3.75,3.66,3.72,1717.24,6366.69
2017-01-24,LTCUSD,3.83,3.85,3.75,3.75,3990.78,15165.74
2017-01-23,LTCUSD,3.83,3.9,3.83,3.83,1101.68,4247.26
2017-01-22,LTCUSD,3.95,3.95,3.82,3.83,2608.04,10098.38
2017-01-21,LTCUSD,3.89,3.96,3.87,3.95,198.45,779.25
2017-01-20,LTCUSD,3.89,4,3.86,3.89,663.69,2615.14
2017-01-19,LTCUSD,3.9,3.95,3.85,3.89,640.11,2491.4
2017-01-18,LTCUSD,3.92,4,3.85,3.9,1772.88,6890.81
2017-01-17,LTCUSD,3.88,4.03,3.88,3.92,2315.73,9167.84
2017-01-16,LTCUSD,3.94,3.95,3.88,3.88,327.44,1284.53
2017-01-15,LTCUSD,3.9,3.97,3.88,3.89,340.86,1346.32
2017-01-14,LTCUSD,4.04,4.04,3.87,3.9,338.59,1321.41
2017-01-13,LTCUSD,4.15,4.64,3.87,3.94,3243.9,13227.49
2017-01-12,LTCUSD,3.94,4.15,3.81,4.15,2483.55,9864.56
2017-01-11,LTCUSD,4.68,4.68,3.8,3.94,9513.9,38967.57
2017-01-10,LTCUSD,4.48,4.68,4.3,4.68,3064.15,13936.7
2017-01-09,LTCUSD,4.04,4.55,3.92,4.48,3668.2,15706.16
2017-01-08,LTCUSD,3.98,4.04,3.91,4.04,455.22,1815.26
2017-01-07,LTCUSD,3.81,4.01,3.63,3.98,2530.49,9886.21
2017-01-06,LTCUSD,4.25,4.35,3.81,3.81,2036.65,8345.88
2017-01-05,LTCUSD,4.52,4.85,4,4.25,6538.33,28674.56
2017-01-04,LTCUSD,4.57,4.75,4.45,4.52,4350.25,20052.73
2017-01-03,LTCUSD,4.56,4.67,4.42,4.57,1438.08,6474.88
2017-01-02,LTCUSD,4.53,4.75,4.39,4.56,2019.32,9364.31
2017-01-01,LTCUSD,4.38,4.57,4.1,4.53,2385.85,10420.0
2016-12-31,LTCUSD,4.44,4.44,4.35,4.38,88.07,385.58
2016-12-30,LTCUSD,4.42,4.6,4.17,4.44,848.34,3613.93
2016-12-29,LTCUSD,4.57,4.64,4.42,4.42,377.37,1693.98
2016-12-28,LTCUSD,4.35,4.68,4.35,4.57,3816.77,17083.3
2016-12-27,LTCUSD,4.19,4.49,4.19,4.35,1711.09,7494.67
2016-12-26,LTCUSD,4.22,4.4,4.17,4.19,276.83,1174.06
2016-12-25,LTCUSD,4.44,4.44,4.11,4.22,1086.87,4644.67
2016-12-24,LTCUSD,4.28,4.75,4.27,4.44,4453.15,20221.51
2016-12-23,LTCUSD,3.65,4.4,3.65,4.28,10502.44,43369.11
2016-12-22,LTCUSD,3.62,3.75,3.58,3.65,928.69,3412.68
2016-12-21,LTCUSD,3.67,3.67,3.62,3.62,73.43,265.99
2016-12-20,LTCUSD,3.63,3.67,3.61,3.67,18.01,65.83
2016-12-19,LTCUSD,3.72,3.72,3.63,3.63,81.83,297.65
2016-12-18,LTCUSD,3.72,3.75,3.72,3.72,19.69,73.47
2016-12-17,LTCUSD,3.62,3.73,3.61,3.72,124.35,453.79
2016-12-16,LTCUSD,3.67,3.67,3.62,3.62,103.53,375.16
2016-12-15,LTCUSD,3.6,3.69,3.6,3.67,26.31,96.95
2016-12-14,LTCUSD,3.67,3.67,3.6,3.6,148.31,536.03
2016-12-13,LTCUSD,3.67,3.68,3.62,3.67,112.48,407.95
2016-12-12,LTCUSD,3.66,3.69,3.6,3.67,1408.79,5094.91
2016-12-11,LTCUSD,3.7,3.7,3.6,3.66,949.03,3474.51
2016-12-10,LTCUSD,3.72,3.72,3.66,3.7,208.96,773.18
2016-12-09,LTCUSD,3.65,3.72,3.65,3.72,8.65,31.94
2016-12-08,LTCUSD,3.65,3.75,3.65,3.65,214.55,802.07
2016-12-07,LTCUSD,3.49,3.67,3.47,3.65,578.87,2100.21
2016-12-06,LTCUSD,3.55,3.56,3.45,3.49,455.8,1588.23
2016-12-05,LTCUSD,3.91,3.91,3.39,3.55,3712.36,13523.88
2016-12-04,LTCUSD,3.92,3.92,3.9,3.91,282.75,1108.03
2016-12-03,LTCUSD,3.94,3.94,3.89,3.92,107.67,419.01
2016-12-02,LTCUSD,3.9,3.94,3.87,3.94,236.0,926.1
2016-12-01,LTCUSD,3.84,3.91,3.84,3.9,113.29,439.41
2016-11-30,LTCUSD,3.82,3.89,3.82,3.84,34.63,134.16
2016-11-29,LTCUSD,3.84,3.9,3.82,3.82,39.08,149.74
2016-11-28,LTCUSD,3.86,3.9,3.83,3.84,42.27,163.01
2016-11-27,LTCUSD,3.9,3.93,3.84,3.86,242.27,933.6
2016-11-26,LTCUSD,3.92,3.93,3.85,3.9,35.68,138.76
2016-11-25,LTCUSD,3.92,3.93,3.83,3.92,372.2,1440.2
2016-11-24,LTCUSD,3.93,3.94,3.83,3.92,101.21,392.94
2016-11-23,LTCUSD,3.94,3.95,3.86,3.93,354.29,1392.66
2016-11-22,LTCUSD,3.95,3.95,3.86,3.94,53.53,210.88
2016-11-21,LTCUSD,3.82,3.95,3.82,3.95,24.67,97.02
2016-11-20,LTCUSD,3.95,3.95,3.82,3.82,609.01,2361.05
2016-11-19,LTCUSD,3.88,3.99,3.82,3.95,1064.91,4182.94
2016-11-18,LTCUSD,3.86,3.99,3.86,3.88,169.41,662.96
2016-11-17,LTCUSD,3.91,4.15,3.86,3.86,1414.62,5659.64
2016-11-16,LTCUSD,3.91,3.99,3.86,3.91,704.2,2775.27
2016-11-15,LTCUSD,3.85,3.94,3.85,3.91,511.56,2007.43
2016-11-14,LTCUSD,3.86,3.91,3.85,3.85,41.16,158.72
2016-11-13,LTCUSD,3.74,3.93,3.65,3.86,718.54,2705.13
2016-11-12,LTCUSD,3.8,3.85,3.73,3.74,1384.97,5279.79
2016-11-11,LTCUSD,3.8,3.85,3.8,3.8,3.03,11.59
2016-11-10,LTCUSD,3.83,3.89,3.8,3.8,721.71,2759.93
2016-11-09,LTCUSD,3.83,3.93,3.82,3.83,1161.58,4499.12
2016-11-08,LTCUSD,3.9,3.9,3.83,3.83,70.12,269.18
2016-11-07,LTCUSD,3.9,3.92,3.85,3.9,289.8,1124.07
2016-11-06,LTCUSD,3.92,3.96,3.86,3.9,393.96,1531.72
2016-11-05,LTCUSD,3.82,3.92,3.82,3.92,302.02,1163.59
2016-11-04,LTCUSD,3.8,3.96,3.8,3.82,540.07,2085.03
2016-11-03,LTCUSD,4.12,4.2,3.8,3.8,1043.32,4100.3
2016-11-02,LTCUSD,4.07,4.12,4.03,4.12,33.85,137.0
2016-11-01,LTCUSD,4.03,4.18,3.39,4.07,3886.5,15689.04
2016-10-31,LTCUSD,4.05,4.05,3.98,4.03,217.42,868.88
2016-10-30,LTCUSD,4.08,4.08,3.99,4.05,66.99,267.77
2016-10-29,LTCUSD,3.94,4.09,3.84,4.08,2062.08,8240.55
2016-10-28,LTCUSD,3.95,3.95,3.84,3.94,1279.98,5001.06
2016-10-27,LTCUSD,3.93,4.15,3.93,3.95,697.46,2824.38
2016-10-26,LTCUSD,3.86,3.99,3.85,3.93,178.89,712.91
2016-10-25,LTCUSD,3.88,3.93,3.84,3.86,676.13,2615.86
2016-10-24,LTCUSD,3.9,3.92,3.86,3.88,195.17,758.31
2016-10-23,LTCUSD,3.9,3.92,3.88,3.9,4562.11,17792.71
2016-10-22,LTCUSD,3.81,3.94,3.81,3.9,238.05,927.4
2016-10-21,LTCUSD,3.77,3.81,3.77,3.81,140.95,536.23
2016-10-20,LTCUSD,3.81,3.81,3.75,3.77,383.83,1446.0
2016-10-19,LTCUSD,3.81,3.83,3.75,3.81,400.67,1515.76
2016-10-18,LTCUSD,3.85,3.88,3.81,3.81,489.58,1883.54
2016-10-17,LTCUSD,3.92,3.92,3.85,3.85,148.76,576.4
2016-10-16,LTCUSD,3.85,3.92,3.85,3.92,63.58,245.67
2016-10-15,LTCUSD,3.92,3.92,3.85,3.85,30.01,117.15
2016-10-14,LTCUSD,3.91,3.94,3.88,3.92,319.64,1247.04
2016-10-13,LTCUSD,3.8,3.93,3.8,3.91,26.55,102.83
2016-10-12,LTCUSD,3.83,3.87,3.77,3.8,210.46,796.4
2016-10-11,LTCUSD,3.78,3.86,3.78,3.83,532.32,2035.41
2016-10-10,LTCUSD,3.82,3.82,3.78,3.78,82.01,310.44
2016-10-09,LTCUSD,3.86,3.88,3.79,3.82,1740.49,6722.76
2016-10-08,LTCUSD,3.86,3.88,3.84,3.86,705.72,2728.84
2016-10-07,LTCUSD,3.84,3.86,3.83,3.86,434.56,1673.05
2016-10-06,LTCUSD,3.87,3.87,3.79,3.84,446.98,1708.86
2016-10-05,LTCUSD,3.83,3.88,3.77,3.87,875.06,3364.08
2016-10-04,LTCUSD,3.84,3.86,3.82,3.83,2911.84,11158.33
2016-10-03,LTCUSD,3.86,3.86,3.83,3.84,128.0,490.94
2016-10-02,LTCUSD,3.86,3.86,3.82,3.86,18.34,70.13
2016-10-01,LTCUSD,3.83,3.88,3.83,3.86,228.57,883.7
2016-09-30,LTCUSD,3.88,3.88,3.77,3.83,728.42,2799.58
2016-09-29,LTCUSD,3.85,3.88,3.83,3.88,638.84,2457.77
2016-09-28,LTCUSD,3.84,3.88,3.82,3.85,981.68,3774.9
2016-09-27,LTCUSD,3.84,3.9,3.84,3.84,275.81,1066.11
2016-09-26,LTCUSD,3.73,3.91,3.73,3.84,676.54,2625.4
2016-09-25,LTCUSD,3.84,3.84,3.73,3.73,57.4,214.26
2016-09-24,LTCUSD,3.8,3.85,3.73,3.84,4.53,17.32
2016-09-23,LTCUSD,3.76,3.82,3.72,3.8,224.0,840.42
2016-09-22,LTCUSD,3.79,3.82,3.73,3.76,161.92,609.41
2016-09-21,LTCUSD,3.72,3.82,3.72,3.79,1230.32,4626.84
2016-09-20,LTCUSD,3.83,3.84,3.72,3.72,513.2,1947.18
2016-09-19,LTCUSD,3.87,3.87,3.81,3.83,369.02,1412.69
2016-09-18,LTCUSD,3.86,4.03,3.79,3.87,371.06,1433.3
2016-09-17,LTCUSD,3.82,3.87,3.8,3.86,20.29,77.28
2016-09-16,LTCUSD,3.87,3.87,3.81,3.82,595.31,2271.35
2016-09-15,LTCUSD,3.86,3.87,3.81,3.87,27.3,104.09
2016-09-14,LTCUSD,3.89,3.89,3.82,3.86,440.89,1695.17
2016-09-13,LTCUSD,3.82,3.89,3.8,3.89,80.5,308.98
2016-09-12,LTCUSD,3.93,3.93,3.77,3.82,238.13,911.39
2016-09-11,LTCUSD,3.95,4.05,3.84,3.93,131.68,529.53
2016-09-10,LTCUSD,3.95,3.95,3.95,3.95,0.0,0.0
2016-09-09,LTCUSD,4.04,4.04,3.95,3.95,121.79,481.32
2016-09-08,LTCUSD,3.93,4.04,3.93,4.04,354.23,1428.05
2016-09-07,LTCUSD,3.98,4.03,3.93,3.93,201.52,805.42
2016-09-06,LTCUSD,3.93,3.99,3.92,3.98,677.59,2684.06
2016-09-05,LTCUSD,3.98,4.03,3.93,3.93,14.59,58.53
2016-09-04,LTCUSD,3.9,4.04,3.87,3.98,473.2,1887.68
2016-09-03,LTCUSD,3.86,3.9,3.77,3.9,387.04,1495.4
2016-09-02,LTCUSD,3.86,3.86,3.77,3.86,162.86,627.8
2016-09-01,LTCUSD,3.65,3.98,3.65,3.86,467.65,1789.88
2016-08-31,LTCUSD,3.79,3.79,3.61,3.65,492.2,1821.92
2016-08-30,LTCUSD,3.82,3.82,3.74,3.79,4056.75,15315.17
2016-08-29,LTCUSD,3.72,3.84,3.39,3.82,4432.88,16834.12
2016-08-28,LTCUSD,3.72,3.78,3.72,3.72,89.95,334.72
2016-08-27,LTCUSD,3.8,3.81,3.72,3.72,68.22,257.03
2016-08-26,LTCUSD,3.77,3.86,3.77,3.8,40.9,156.36
2016-08-25,LTCUSD,3.97,3.98,3.72,3.77,473.5,1821.42
2016-08-24,LTCUSD,4.01,4.01,3.86,3.97,139.61,544.04
2016-08-23,LTCUSD,3.68,4.04,3.65,4.01,1197.84,4770.62
2016-08-22,LTCUSD,3.62,3.69,3.61,3.68,1510.14,5523.86
2016-08-21,LTCUSD,3.63,3.68,3.61,3.62,304.38,1105.65
2016-08-20,LTCUSD,3.63,3.65,3.6,3.63,45.31,164.36
2016-08-19,LTCUSD,3.58,3.67,3.58,3.63,18.05,66.18
2016-08-18,LTCUSD,3.63,3.66,3.58,3.58,459.82,1679.72
2016-08-17,LTCUSD,3.64,3.65,3.61,3.63,6.57,23.85
2016-08-16,LTCUSD,3.59,3.68,3.55,3.64,410.13,1475.93
2016-08-15,LTCUSD,3.62,3.63,3.55,3.59,777.53,2777.06
2016-08-14,LTCUSD,3.67,3.68,3.6,3.62,81.39,292.63
2016-08-13,LTCUSD,3.67,3.76,3.67,3.67,2195.21,8076.76
2016-08-12,LTCUSD,3.78,3.93,3.67,3.67,1297.86,4837.26
2016-08-11,LTCUSD,3.79,3.79,3.58,3.78,1139.35,4238.87
2016-08-10,LTCUSD,3.69,3.83,3.69,3.79,355.6,1330.43
2016-08-09,LTCUSD,3.6,3.81,3.6,3.69,159.89,602.25
2016-08-08,LTCUSD,3.74,3.79,3.39,3.6,292.88,1088.58
2016-08-07,LTCUSD,3.8,3.84,3.74,3.74,88.12,333.82
2016-08-06,LTCUSD,3.62,3.8,3.62,3.8,146.72,552.29
2016-08-05,LTCUSD,3.77,3.84,3.62,3.62,49.38,186.4
2016-08-04,LTCUSD,3.73,3.8,3.69,3.77,528.84,1995.65
2016-08-03,LTCUSD,3.57,3.74,3.43,3.73,2466.07,9034.79
2016-08-02,LTCUSD,3.84,3.86,3.36,3.57,6914.22,24778.93
2016-08-01,LTCUSD,3.94,3.98,3.84,3.84,1378.45,5333.67
2016-07-31,LTCUSD,4.05,4.05,3.9,3.94,917.74,3638.28
2016-07-30,LTCUSD,4.11,4.11,4.04,4.05,16.03,65.52
2016-07-29,LTCUSD,3.96,4.11,3.95,4.11,309.25,1228.92
2016-07-28,LTCUSD,3.94,4.03,3.92,3.96,339.4,1348.12
2016-07-27,LTCUSD,3.98,4.04,3.9,3.94,1858.7,7343.41
2016-07-26,LTCUSD,4.05,4.2,3.9,3.98,3003.42,11920.79
2016-07-25,LTCUSD,4.08,4.09,3.96,4.05,190.21,763.6
2016-07-24,LTCUSD,3.96,4.11,3.96,4.08,160.42,651.41
2016-07-23,LTCUSD,4.08,4.08,3.95,3.95,86.56,349.99
2016-07-22,LTCUSD,4.11,4.13,3.95,4.1,3150.54,12791.03
2016-07-21,LTCUSD,4.14,4.15,4.07,4.11,47.87,196.58
2016-07-20,LTCUSD,4.18,4.19,4.08,4.14,842.94,3488.87
2016-07-19,LTCUSD,4.18,4.18,4.1,4.18,411.59,1695.37
2016-07-18,LTCUSD,4.13,4.24,4.13,4.18,307.48,1284.27
2016-07-17,LTCUSD,4.1,4.25,4.05,4.13,2115.87,8738.44
2016-07-16,LTCUSD,4.18,4.18,4.1,4.1,72.72,302.82
2016-07-15,LTCUSD,4.1,4.19,4.1,4.18,956.53,3985.5
2016-07-14,LTCUSD,4.18,4.2,4.1,4.1,176.12,733.31
2016-07-13,LTCUSD,4.2,4.2,4.1,4.18,7.13,29.34
2016-07-12,LTCUSD,4.2,4.2,4.1,4.2,153.12,642.4
2016-07-11,LTCUSD,4.13,4.21,4.05,4.2,260.3,1086.75
2016-07-10,LTCUSD,4.15,4.15,4.04,4.13,778.13,3190.61
2016-07-09,LTCUSD,4.25,4.25,4.01,4.15,699.94,2868.14
2016-07-08,LTCUSD,4,4.25,4,4.25,471.21,1983.13
2016-07-07,LTCUSD,4.39,4.51,3.95,4,2034.89,8476.21
2016-07-06,LTCUSD,4.55,4.55,4.35,4.39,822.21,3615.73
2016-07-05,LTCUSD,4.46,4.55,4.28,4.55,1382.98,6008.24
2016-07-04,LTCUSD,4.28,4.47,4.22,4.46,524.27,2275.92
2016-07-03,LTCUSD,4.71,4.71,4.05,4.28,2497.05,10796.76
2016-07-02,LTCUSD,4.36,4.89,4.19,4.71,1610.41,7179.79
2016-07-01,LTCUSD,4.16,4.38,4.16,4.36,2538.18,10863.91
2016-06-30,LTCUSD,4.06,4.29,4.06,4.16,1365.86,5733.98
2016-06-29,LTCUSD,4.08,4.12,3.95,4.06,220.77,899.56
2016-06-28,LTCUSD,4.09,4.25,4.08,4.08,1169.84,4870.66
2016-06-27,LTCUSD,4.03,4.29,3.98,4.09,1340.33,5528.46
2016-06-26,LTCUSD,4.28,4.37,3.94,4.03,2204.96,9011.04
2016-06-25,LTCUSD,4.34,4.53,3.92,4.28,925.71,3940.64
2016-06-24,LTCUSD,4.08,4.75,4.05,4.34,7038.89,31056.44
2016-06-23,LTCUSD,4,4.5,3.59,4.08,3373.52,13190.7
2016-06-22,LTCUSD,4.87,5,3.9,4,6039.92,26936.21
